"id";"type";"nom";"editor_id";"plugin"
"skyrim.esm|0580A2";"CELL";"Guard Barracks";"WhiterunJail02";"Keizaal.esp"
"skyrim.esm|016BD4";"CELL";"Moonlit Oasis";"RiftenHaelgasBunkhouse";"KeizaalStart.esp"
"skyrim.esm|034864";"CELL";"Fort Sungard Muster";"FortSungard05";"Keizaal.esp"
"skyrim.esm|03486E";"CELL";"Fort Sungard Shrine";"FortSungard04";"Keizaal.esp"
"skyrim.esm|050F1E";"CELL";"Abandoned Shack";"AbandonedShackInterior";"Keizaal.esp"
"skyrim.esm|0165A8";"CELL";"Breezehome";"WhiterunBreezehome";"Keizaal.esp"
"skyrim.esm|01522A";"CELL";"Ragnvald Temple";"Ragnvald01";"Keizaal.esp"
"skyrim.esm|01386C";"CELL";"Cowflop Farmhouse";"RoriksteadCowflopFarm";"Keizaal.esp"
"skyrim.esm|0DDF7C";"CELL";"Cellar";"AnisesCabin01";"Keizaal.esp"
"skyrim.esm|0133C6";"CELL";"Sleeping Giant Inn";"RiverwoodSleepingGiantInn";"Keizaal.esp"
"skyrim.esm|0361FA";"CELL";"Bthardamz Upper District";"Bthardamz01";"Keizaal.esp"
"skyrim.esm|04A376";"CELL";"Dragonsreach Dungeon";"WhiterunDragonsreachBasement";"Keizaal.esp"
"skyrim.esm|01677F";"CELL";"New Gnisis Cornerclub";"WindhelmNewGnisisCornerclub";"Keizaal.esp"
"skyrim.esm|016BDF";"CELL";"The Bee and Barb";"RiftenBeeandBarb";"Keizaal.esp"
"skyrim.esm|097299";"CELL";"Palace of the Kings Upstairs";"WindhelmPalaceUpstairs01";"Keizaal.esp"
"skyrim.esm|036ED5";"CELL";"Severio Pelagia's House";"WhiterunSeverioPelagiasHouse";"Keizaal.esp"
"skyrim.esm|013A8A";"CELL";"Goldenrock Mine";"DarkwaterCrossingGoldenrockMine";"Keizaal.esp"
"skyrim.esm|016776";"CELL";"Argonian Assemblage";"WindhelmArgonianAssemblage";"Keizaal.esp"
"skyrim.esm|0C5AA0";"CELL";"Honningbrew Boilery";"HonningbrewMeadery03";"Keizaal.esp"
"skyrim.esm|01527C";"CELL";"Fort Greymoor";"FortGreymoor01";"Keizaal.esp"
"skyrim.esm|015286";"CELL";"Faldar's Tooth";"FaldarsTooth01";"Keizaal.esp"
"skyrim.esm|07947A";"CELL";"Jorrvaskr Living Quarters";"WhiterunJorrvaskrBasement";"Keizaal.esp"
"skyrim.esm|0152C3";"CELL";"Alftand Glacial Ruins";"Alftand01";"Keizaal.esp"
"skyrim.esm|0161FF";"CELL";"Goldenglow Estate";"GoldenglowEstate01";"Keizaal.esp"
"skyrim.esm|05B88B";"CELL";"Fort Greenwall Prison";"FortGreenwall02";"KeizaalInteriors.esp"
"skyrim.esm|015273";"CELL";"Gallows Rock";"GallowsRock01";"Keizaal.esp"
"skyrim.esm|016BD7";"CELL";"Temple of Mara";"RiftenTempleofMara";"Keizaal.esp"
"skyrim.esm|043FAB";"CELL";"Halted Stream Camp";"HaltedStreamCamp01";"Keizaal.esp"
"skyrim.esm|03FC8F";"CELL";"Ilinalta's Deluge";"IlinaltasDeep02";"KeizaalInteriors.esp"
"skyrim.esm|0165B5";"CELL";"Jorrvaskr";"WhiterunJorrvaskr";"Keizaal.esp"
"skyrim.esm|0152A5";"CELL";"Cragslane Cavern";"CragslaneCavern01";"Keizaal.esp"
"skyrim.esm|016DFD";"CELL";"Endon's House";"MarkarthEndonsHouse";"Keizaal.esp"
"skyrim.esm|03FF10";"CELL";"Fellglow Keep";"FellglowKeep02";"Keizaal.esp"
"skyrim.esm|037B76";"CELL";"Avanchnzel Animoncultory";"Avanchnzel02";"Keizaal.esp"
"skyrim.esm|013A8C";"CELL";"Verner and Annekke's House";"DarkwaterCrossingVernersHouse";"Keizaal.esp"
"skyrim.esm|016778";"CELL";"Hjerim";"WindhelmHjerim";"Keizaal.esp"
"skyrim.esm|016782";"CELL";"Sadri's Used Wares";"WindhelmSadrisUsedWares";"Keizaal.esp"
"skyrim.esm|016BCE";"CELL";"Elgrim's Elixirs";"RiftenElgrimsElixirs";"Keizaal.esp"
"skyrim.esm|01678C";"CELL";"The White Phial";"WindhelmWhitePhial";"Keizaal.esp"
"skyrim.esm|015288";"CELL";"Driftshade Refuge";"DriftshadeSanctuary01";"KeizaalInteriors.esp"
"skyrim.esm|0165B6";"CELL";"Arcadia's Cauldron";"WhiterunArcadiasCauldron";"Keizaal.esp"
"skyrim.esm|013870";"CELL";"Frostfruit Inn";"RoriksteadFrostfruitInn";"Keizaal.esp"
"skyrim.esm|015238";"CELL";"Voshu Agra Longhouse";"NarzulburMauhulakhsLonghouse";"Keizaal.esp"
"skyrim.esm|016A0C";"CELL";"Bards College";"SolitudeBardsCollege";"KeizaalStart.esp"
"skyrim.esm|02BCD7";"CELL";"The Midden";"WinterholdCollegeMidden01";"Keizaal.esp"
"skyrim.esm|079F9F";"CELL";"Knifepoint Mine";"KnifepointRidge01";"Keizaal.esp"
"skyrim.esm|0BBB2F";"CELL";"The Katariah";"Katariah01";"Keizaal.esp"
"skyrim.esm|0A1BFD";"CELL";"The Ratway Vaults";"RiftenRatway02";"Keizaal.esp"
"skyrim.esm|016BCF";"CELL";"The Ragged Flagon";"RiftenRaggedFlagon";"Keizaal.esp"
"skyrim.esm|015275";"CELL";"Fort Sungard Annex";"FortSungard01";"Keizaal.esp"
"skyrim.esm|01527F";"CELL";"Forelhost Stronghold";"Forelhost01";"Keizaal.esp"
"skyrim.esm|04401B";"CELL";"Druadach Redoubt Cave";"DruadachRedoubt01";"Keizaal.esp"
"skyrim.esm|056C1B";"CELL";"Alftand Animonculory";"Alftand02";"Keizaal.esp"
"skyrim.esm|013867";"CELL";"Lemkil's Farmhouse";"RoriksteadLemkilsFarm";"Keizaal.esp"
"skyrim.esm|013871";"CELL";"Rorik's Manor";"RoriksteadRoriksManor";"Keizaal.esp"
"skyrim.esm|015239";"CELL";"Morvunskar";"Morvunskar01";"Keizaal.esp"
"skyrim.esm|016DF5";"CELL";"Smelter Overseer's House";"MarkarthSmelterOverseersHouse";"Keizaal.esp"
"skyrim.esm|01605E";"CELL";"The Bannered Mare";"WhiterunBanneredMare";"Keizaal.esp"
"skyrim.esm|015258";"CELL";"Ilinalta's Deep";"IlinaltasDeep01";"KeizaalInteriors.esp"
"skyrim.esm|016784";"CELL";"Aretino Residence";"WindhelmAretinoResidence";"Keizaal.esp"
"skyrim.esm|03DD34";"CELL";"Driftshade Cellar";"DriftshadeSanctuary02";"KeizaalInteriors.esp"
"skyrim.esm|016BDA";"CELL";"Riften Warehouse";"RiftenWarehouse";"Keizaal.esp"
"skyrim.esm|015280";"CELL";"Folgunthur";"Folgunthur01";"Keizaal.esp"
"skyrim.esm|01528A";"CELL";"Dushnikh Mine";"DushnikhYalMine";"Keizaal.esp"
"skyrim.esm|013A5C";"CELL";"Vilemyr Inn";"IvarsteadVilemyrInn";"Keizaal.esp"
"skyrim.esm|01380E";"CELL";"Hall of the Elements";"WinterholdCollegeHallofTheElements";"Keizaal.esp"
"skyrim.esm|016A0E";"CELL";"The Winking Skeever";"SolitudeWinkingSkeever";"Keizaal.esp"
"skyrim.esm|0213A0";"CELL";"Castle Dour";"SolitudeCastleDour";"Keizaal.esp"
"skyrim.esm|01AB5F";"CELL";"Fort Sungard Oubliette";"FortSungard03";"Keizaal.esp"
"skyrim.esm|0151F5";"CELL";"Yngol Barrow";"YngolBarrow01";"Keizaal.esp"
"skyrim.esm|07C98B";"CELL";"Thalmor Embassy";"ThalmorEmbassy01";"KeizaalInteriors.esp"
"skyrim.esm|022F53";"CELL";"Forelhost Crypt";"Forelhost02";"Keizaal.esp"
"skyrim.esm|013A7C";"CELL";"Four Shields Tavern";"DragonBridgeFourShieldsTavern";"Keizaal.esp"
"skyrim.esm|01AB60";"CELL";"Fort Sungard Tower";"FortSungard02";"Keizaal.esp"
"skyrim.esm|0152BE";"CELL";"Avanchnzel";"Avanchnzel01";"Keizaal.esp"
"skyrim.esm|0B6BE6";"CELL";"Embershard Mine";"EmbershardMine01";"Keizaal.esp"
"skyrim.esm|016BD2";"CELL";"Mistveil Keep";"RiftenMistveilKeep";"Keizaal.esp"
"skyrim.esm|016BDC";"CELL";"Black-Briar Meadery";"RiftenBlackBriarMeadery";"Keizaal.esp"
"skyrim.esm|09B238";"CELL";"Pelagius Wing";"BluePalaceWing01";"Keizaal.esp"
"skyrim.esm|0165A6";"CELL";"The Underforge";"WhiterunUnderforge";"Keizaal.esp"
"skyrim.esm|016A06";"CELL";"Proudspire Manor";"SolitudeProudspireManor";"Keizaal.esp"
"skyrim.esm|01DB4E";"CELL";"Warmaiden's";"WhiterunWarmaidens";"Keizaal.esp"
"skyrim.esm|013810";"CELL";"The Arcanaeum";"WinterholdCollegeArcanaeum";"Keizaal.esp"
"skyrim.esm|05015D";"CELL";"Cellar";"NarzulburBasement";"KzlOnlineMods.esp"
"skyrim.esm|0AD5A1";"CELL";"Dark Brotherhood Sanctuary";"DarkBrotherhoodSanctuary";"Keizaal.esp"
"skyrim.esm|0965B3";"CELL";"Warehouse";"WindhelmWarehouse";"Keizaal.esp"
"skyrim.esm|015233";"CELL";"Orotheim";"Orotheim01";"Keizaal.esp"
"skyrim.esm|04761B";"CELL";"Treva's Watch Escape Tunnel";"TrevasWatch02";"Keizaal.esp"
"skyrim.esm|0918D3";"CELL";"Uthgerd's House";"WhiterunUthgerdTheUnbrokensHouse";"Keizaal.esp"
"skyrim.esm|016A11";"CELL";"The Lucky Cauldron";"SolitudeAngelinesAromatics";"Keizaal.esp"
"skyrim.esm|0BA599";"CELL";"Broken Oar Grotto";"BrokenOarGrotto01";"Keizaal.esp"
"skyrim.esm|0352C7";"CELL";"Fort Greymoor Prison";"FortGreymoor02";"Keizaal.esp"
"skyrim.esm|000D74";"CELL";"";"";"KeizaalInteriors.esp"
"skyrim.esm|009143";"CELL";"";"HaltedStreamCampExterior01";"Keizaal.esp"
"skyrim.esm|009144";"CELL";"";"HaltedStreamCampExterior02";"Keizaal.esp"
"skyrim.esm|00951F";"CELL";"";"SilentMoonsCampBlacksmith";"Keizaal.esp"
"skyrim.esm|0095BB";"CELL";"";"WhiterunExterior12";"Keizaal.esp"
"skyrim.esm|0099A2";"CELL";"";"BleakwindBasinExterior01";"Keizaal.esp"
"skyrim.esm|00949B";"CELL";"";"POISnowy05";"Keizaal.esp"
"skyrim.esm|009101";"CELL";"";"LoreiusFarmExterior02";"Keizaal.esp"
"skyrim.esm|008F68";"CELL";"";"";"KeizaalInteriors.esp"
"skyrim.esm|008F69";"CELL";"";"DriftshadeSanctuaryExterior";"KeizaalInteriors.esp"
"skyrim.esm|008F6A";"CELL";"";"";"KeizaalInteriors.esp"
"skyrim.esm|008F87";"CELL";"";"";"KeizaalInteriors.esp"
"skyrim.esm|008F88";"CELL";"";"";"KeizaalInteriors.esp"
"skyrim.esm|0090EB";"CELL";"";"";"Keizaal.esp"
"skyrim.esm|009716";"CELL";"";"BleakFallsTower";"KeizaalInteriors.esp"
"skyrim.esm|009B4F";"CELL";"";"AnisesCabinExterior01";"Keizaal.esp"
"skyrim.esm|009B70";"CELL";"";"POIReach27";"Keizaal.esp"
"skyrim.esm|009781";"CELL";"";"IvarsteadExterior04";"Keizaal.esp"
"skyrim.esm|0096BB";"CELL";"";"DarkwaterCrossingExterior05";"Keizaal.esp"
"skyrim.esm|0096BC";"CELL";"";"DarkwaterCrossingExterior01";"Keizaal.esp"
"skyrim.esm|0095E5";"CELL";"";"";"Keizaal.esp"
"skyrim.esm|0095E6";"CELL";"";"MixwaterMillExterior";"Keizaal.esp"
"skyrim.esm|00B4DA";"CELL";"";"";"Keizaal.esp"
"skyrim.esm|00B4DC";"CELL";"";"WindhelmBridge04";"KzlHorses.esp"
"skyrim.esm|00B51D";"CELL";"";"WindhelmAttackStart05";"Keizaal.esp"
"skyrim.esm|00B539";"CELL";"";"";"Keizaal.esp"
"skyrim.esm|00B53C";"CELL";"";"KynesgroveBurialMound02";"Keizaal.esp"
"skyrim.esm|00B55A";"CELL";"";"";"Keizaal.esp"
"skyrim.esm|00B55B";"CELL";"";"";"Keizaal.esp"
"skyrim.esm|00B55F";"CELL";"";"KynesgroveExterior01";"Keizaal.esp"
"skyrim.esm|00B560";"CELL";"";"KynesgroveExterior02";"Keizaal.esp"
"skyrim.esm|00B57B";"CELL";"";"NarzulburExterior01";"Keizaal.esp"
"skyrim.esm|00B57C";"CELL";"";"";"Keizaal.esp"
"skyrim.esm|00B57D";"CELL";"";"KynesgroveBurialMound07";"Keizaal.esp"
"skyrim.esm|00B580";"CELL";"";"Kynesgrove";"Keizaal.esp"
"skyrim.esm|00B59B";"CELL";"";"GloomboundMineExterior";"Keizaal.esp"
"skyrim.esm|00B59C";"CELL";"";"NarzulburExterior02";"Keizaal.esp"
"skyrim.esm|00B9BC";"CELL";"";"";"Keizaal.esp"
"skyrim.esm|00B4B8";"CELL";"";"HlaaluFarmExterior";"Keizaal.esp"
"skyrim.esm|00B4BA";"CELL";"";"WindhelmExterior02";"KzlHorses.esp"
"skyrim.esm|00B4BB";"CELL";"";"WindhelmExterior01";"KzlHorses.esp"
"skyrim.esm|00BCF5";"CELL";"";"GoldenglowEstateExterior03";"Keizaal.esp"
"skyrim.esm|00BCF6";"CELL";"";"GoldenglowEstateExterior02";"Keizaal.esp"
"skyrim.esm|00BCF7";"CELL";"";"GoldenglowEstateExterior01";"Keizaal.esp"
"skyrim.esm|00BD5E";"CELL";"";"LargashburExterior04";"Keizaal.esp"
"skyrim.esm|00BCB3";"CELL";"";"";"Keizaal.esp"
"skyrim.esm|00BCB4";"CELL";"";"";"Keizaal.esp"
"skyrim.esm|00BCB9";"CELL";"";"";"Keizaal.esp"
"skyrim.esm|00BCD4";"CELL";"";"GoldenglowEstateExterior04";"Keizaal.esp"
"skyrim.esm|00BCD5";"CELL";"";"GoldenglowEstateExterior05";"Keizaal.esp"
"skyrim.esm|00BCD6";"CELL";"";"";"Keizaal.esp"
"skyrim.esm|00BCDA";"CELL";"";"HeartwoodMillExterior";"Keizaal.esp"
"skyrim.esm|00BBAA";"CELL";"";"ShorsStoneExterior01";"Keizaal.esp"
"skyrim.esm|00BBCB";"CELL";"";"ShorsStoneExterior02";"Keizaal.esp"
"skyrim.esm|00BD73";"CELL";"";"";"Keizaal.esp"
"skyrim.esm|00BCAF";"CELL";"";"RiftenCityNorthGateExterior";"Keizaal.esp"
"skyrim.esm|00BAE3";"CELL";"";"CragslaneCavernExterior";"Keizaal.esp"
"skyrim.esm|007063";"CELL";"";"BthardamzExterior03";"Keizaal.esp"
"skyrim.esm|006F48";"CELL";"";"MorKhazgurExterior03";"Keizaal.esp"
"skyrim.esm|006E11";"CELL";"";"DLC1IcewaterJetty";"Keizaal.esp"
"skyrim.esm|00189E";"CELL";"";"";"Keizaal.esp"
"skyrim.esm|00189F";"CELL";"";"";"Keizaal.esp"
"skyrim.esm|0018A0";"CELL";"";"";"Keizaal.esp"
"skyrim.esm|0018A1";"CELL";"";"";"Keizaal.esp"
"skyrim.esm|0018A2";"CELL";"";"";"Keizaal.esp"
"skyrim.esm|0018BE";"CELL";"";"";"Keizaal.esp"
"skyrim.esm|0018BF";"CELL";"";"";"Keizaal.esp"
"skyrim.esm|0018C0";"CELL";"";"";"Keizaal.esp"
"skyrim.esm|0018C1";"CELL";"";"";"Keizaal.esp"
"skyrim.esm|0018C2";"CELL";"";"";"Keizaal.esp"
"skyrim.esm|0018DE";"CELL";"";"DLC1VampireCastleExterior06";"Keizaal.esp"
"skyrim.esm|0018E0";"CELL";"";"";"Keizaal.esp"
"skyrim.esm|0018E1";"CELL";"";"";"Keizaal.esp"
"skyrim.esm|0018FE";"CELL";"";"DLC1VampireCastleExterior03";"Keizaal.esp"
"skyrim.esm|001900";"CELL";"";"";"Keizaal.esp"
"skyrim.esm|00191A";"CELL";"";"";"Keizaal.esp"
"skyrim.esm|00191D";"CELL";"";"DLC1VampireCastleExterior02";"Keizaal.esp"
"skyrim.esm|00191E";"CELL";"";"DLC1VampireCastleExterior01";"Keizaal.esp"
"skyrim.esm|00191F";"CELL";"";"";"Keizaal.esp"
"skyrim.esm|00193A";"CELL";"";"";"Keizaal.esp"
"skyrim.esm|00193B";"CELL";"";"";"Keizaal.esp"
"skyrim.esm|00193C";"CELL";"";"";"Keizaal.esp"
"skyrim.esm|00193D";"CELL";"";"";"Keizaal.esp"
"skyrim.esm|001966";"CELL";"";"";"Keizaal.esp"
"skyrim.esm|001968";"CELL";"";"";"Keizaal.esp"
"skyrim.esm|00189D";"CELL";"";"";"Keizaal.esp"
"skyrim.esm|0018BC";"CELL";"";"";"Keizaal.esp"
"skyrim.esm|0018DA";"CELL";"";"";"Keizaal.esp"
"skyrim.esm|0018DB";"CELL";"";"";"Keizaal.esp"
"skyrim.esm|001919";"CELL";"";"";"Keizaal.esp"
"skyrim.esm|007648";"CELL";"";"HagRockRedoubtExterior";"Keizaal.esp"
"skyrim.esm|007660";"CELL";"";"DushnikhYalExterior02";"Keizaal.esp"
"skyrim.esm|0095A2";"CELL";"";"";"Keizaal.esp"
"skyrim.esm|009223";"CELL";"";"FortHraggstadExterior04";"Keizaal.esp"
"skyrim.esm|009244";"CELL";"";"FortHraggstadExterior01";"Keizaal.esp"
"skyrim.esm|0092BE";"CELL";"";"";"KzlHorses.esp"
"skyrim.esm|009321";"CELL";"";"";"Keizaal.esp"
"skyrim.esm|00921A";"CELL";"";"";"KeizaalInteriors.esp"
"skyrim.esm|00921B";"CELL";"";"ThalmorEmbassyExterior01";"KeizaalInteriors.esp"
"skyrim.esm|00923B";"CELL";"";"";"KeizaalInteriors.esp"
"skyrim.esm|00923C";"CELL";"";"ThalmorEmbassyExterior02";"KeizaalInteriors.esp"
"skyrim.esm|0092BC";"CELL";"";"SolitudeDocks01";"KzlHorses.esp"
"skyrim.esm|00931F";"CELL";"";"";"Keizaal.esp"
"skyrim.esm|009340";"CELL";"";"";"Keizaal.esp"
"skyrim.esm|009BE5";"CELL";"";"KnifepointRidgeExterior04";"Keizaal.esp"
"skyrim.esm|0099FC";"CELL";"";"SerpentsBluffRedoubtExterior02";"Keizaal.esp"
"skyrim.esm|009A79";"CELL";"";"FortSungardExterior04";"Keizaal.esp"
"skyrim.esm|009A7A";"CELL";"";"FortSungardExterior02";"Keizaal.esp"
"skyrim.esm|009A9A";"CELL";"";"FortSungardCourtyard";"Keizaal.esp"
"skyrim.esm|009A9B";"CELL";"";"FortSungardExterior01";"Keizaal.esp"
"skyrim.esm|009CE8";"CELL";"";"";"Keizaal.esp"
"skyrim.esm|009BDD";"CELL";"";"";"KeizaalInteriors.esp"
"skyrim.esm|009BFD";"CELL";"";"FalkreathWatchtowerExterior";"KeizaalInteriors.esp"
"skyrim.esm|009BFE";"CELL";"";"";"KeizaalInteriors.esp"
"skyrim.esm|009C1E";"CELL";"";"";"KeizaalInteriors.esp"
"skyrim.esm|009C1F";"CELL";"";"";"KeizaalInteriors.esp"
"skyrim.esm|0099E8";"CELL";"";"FortGreymoorExterior03";"Keizaal.esp"
"skyrim.esm|0099E9";"CELL";"";"FortGreymoorExterior04";"Keizaal.esp"
"skyrim.esm|009A08";"CELL";"";"FortGreymoorExterior02";"Keizaal.esp"
"skyrim.esm|009A09";"CELL";"";"FortGreymoorExterior01";"Keizaal.esp"
"skyrim.esm|03837C";"CELL";"";"";"KzlHorses.esp"
"skyrim.esm|03837D";"CELL";"";"WindhelmPitExterior";"KzlHorses.esp"
"skyrim.esm|03837E";"CELL";"";"WindhelmOrigin";"KzlHorses.esp"
"skyrim.esm|038382";"CELL";"";"WindhelmCandlehearthHallExterior";"KzlHorses.esp"
"skyrim.esm|016BE0";"CELL";"";"";"Keizaal.esp"
"skyrim.esm|042242";"CELL";"";"RiftenCityEast";"Keizaal.esp"
"skyrim.esm|042244";"CELL";"";"RiftenCityWest";"Keizaal.esp"
"skyrim.esm|042247";"CELL";"";"RiftenOrigin";"Keizaal.esp"
"skyrim.esm|042249";"CELL";"";"RiftenCityNorth";"Keizaal.esp"
"skyrim.esm|020EE7";"CELL";"";"MarkarthOrigin";"Keizaal.esp"
"skyrim.esm|020EEB";"CELL";"";"";"Keizaal.esp"
"skyrim.esm|020EED";"CELL";"";"MarkarthMines";"Keizaal.esp"
"skyrim.esm|037137";"CELL";"";"";"Keizaal.esp"
"skyrim.esm|037EE5";"CELL";"";"SolitudeCastleDourDistrict01";"Keizaal.esp"
"skyrim.esm|037EE7";"CELL";"";"SolitudeArch";"Keizaal.esp"
"skyrim.esm|037EE8";"CELL";"";"SolitudeCastleDourDistrict02";"Keizaal.esp"
"skyrim.esm|037EE9";"CELL";"";"SolitudeOrigin";"Keizaal.esp"
"skyrim.esm|04603F";"CELL";"";"WhiterunDragonsReach01";"Keizaal.esp"
"skyrim.esm|0D45F1";"CELL";"";"";"Keizaal.esp"
"skyrim.esm|03F4EE";"CELL";"";"";"Keizaal.esp"
"skyrim.esm|03F4EF";"CELL";"";"";"Keizaal.esp"
"skyrim.esm|03F4F0";"CELL";"";"";"Keizaal.esp"
"skyrim.esm|03F55B";"CELL";"";"";"Keizaal.esp"
"skyrim.esm|03F57A";"CELL";"";"";"Keizaal.esp"
"skyrim.esm|03F5D5";"CELL";"";"";"Keizaal.esp"
"skyrim.esm|10A1BD";"CELL";"";"";"Keizaal.esp"
"skyrim.esm|10A1BE";"CELL";"";"";"Keizaal.esp"
"skyrim.esm|03F4F1";"CELL";"";"";"Keizaal.esp"
"skyrim.esm|03F4F2";"CELL";"";"";"Keizaal.esp"
"skyrim.esm|03F4F3";"CELL";"";"";"Keizaal.esp"
"skyrim.esm|03F548";"CELL";"";"";"Keizaal.esp"
"skyrim.esm|03F549";"CELL";"";"";"Keizaal.esp"
"skyrim.esm|0D45F2";"CELL";"";"WindhelmPitEntrance";"Keizaal.esp"
"skyrim.esm|0D45F3";"CELL";"";"";"Keizaal.esp"
"skyrim.esm|10A1B0";"CELL";"";"";"Keizaal.esp"
"skyrim.esm|10A1B1";"CELL";"";"";"Keizaal.esp"
"skyrim.esm|10A1B2";"CELL";"";"";"Keizaal.esp"
"skyrim.esm|10A1B3";"CELL";"";"";"Keizaal.esp"
"skyrim.esm|10A1B4";"CELL";"";"";"Keizaal.esp"
"skyrim.esm|10A1B5";"CELL";"";"";"Keizaal.esp"
"skyrim.esm|10A1B6";"CELL";"";"";"Keizaal.esp"
"skyrim.esm|10A1B7";"CELL";"";"";"Keizaal.esp"
"skyrim.esm|10A1B8";"CELL";"";"";"Keizaal.esp"
"skyrim.esm|10A1B9";"CELL";"";"";"Keizaal.esp"
"skyrim.esm|10A1BA";"CELL";"";"";"Keizaal.esp"
"skyrim.esm|10A1BB";"CELL";"";"";"Keizaal.esp"
"skyrim.esm|10A1BC";"CELL";"";"";"Keizaal.esp"
"skyrim.esm|0C0BA0";"LCTN";"Whiterun Jail";"WhiterunDragonsreachBasementLocation";"Keizaal.esp"
"skyrim.esm|020A00";"LCTN";"Mauhulakh's Longhouse";"NarzulburMauhulakhsLonghouseLocation";"Keizaal.esp"
"skyrim.esm|019282";"LCTN";"Voshu Agra";"NarzulburLocation";"Keizaal.esp"
"skyrim.esm|01914A";"LCTN";"The Mind Of A Madman";"BluePalaceWingLocation";"Keizaal.esp"
"dawnguard.esm|001DBA";"CELL";"Fort Dawnguard";"DLC1DawnguardHQ01";"Keizaal.esp"
"dawnguard.esm|00285A";"CELL";"Volkihar Ruins";"DLC1VampireCastleDungeon02";"Keizaal.esp"
"dawnguard.esm|00285B";"CELL";"Volkihar Undercroft";"DLC1VampireCastleDungeon01";"Keizaal.esp"
"dawnguard.esm|000803";"CELL";"Volkihar Keep";"DLC1VampireCastleGuildhall";"Keizaal.esp"
"dawnguard.esm|0154D5";"CELL";"Volkihar East Tower";"DLC1VampireCastleZCell2";"Keizaal.esp"
"dawnguard.esm|005EAB";"CELL";"Redwater Den";"DLC1RedwaterDen01";"Keizaal.esp"
"dawnguard.esm|007203";"CELL";"Volkihar North Tower";"DLC1VampireCastleZCell1";"Keizaal.esp"
"dawnguard.esm|001DBB";"CELL";"";"";"KeizaalInteriors.esp"
"dawnguard.esm|007BBF";"CELL";"";"DLC1HunterWorldFort01";"Keizaal.esp"
"dawnguard.esm|007BAB";"CELL";"";"";"KeizaalInteriors.esp"
"dawnguard.esm|007BAC";"CELL";"";"";"KeizaalInteriors.esp"
"dawnguard.esm|007BB7";"CELL";"";"DLC1HunterWorldStart";"KeizaalInteriors.esp"
"dawnguard.esm|007204";"CELL";"";"";"Keizaal.esp"
"dawnguard.esm|00721D";"CELL";"";"DLC1VCCourtyardOrigin";"Keizaal.esp"
"dawnguard.esm|007215";"CELL";"";"";"Keizaal.esp"
"hearthfires.esm|011CB3";"CELL";"Windstad Manor";"BYOHHouse2Hjaalmarch";"Keizaal.esp"
"hearthfires.esm|016A56";"CELL";"Heljarchen Hall";"BYOHHouse3Pale";"Keizaal.esp"
"hearthfires.esm|002FEC";"CELL";"Lakeview Manor";"BYOHHouse1Falkreath";"Keizaal.esp"
"dragonborn.esm|01C080";"CELL";"Damphall Mine";"DLC2DamphallMine01";"Keizaal.esp"
"keizaal.esp|001342";"CELL";"Halted Stream Camp House";"KzlHaltedStreamCampHouse";"Keizaal.esp"
"keizaal.esp|0067CB";"CELL";"The Communal Hall";"KzlVoshuAgraHouse2";"Keizaal.esp"
"keizaal.esp|001164";"CELL";"";"DarkwaterCrossingBasement";"Keizaal.esp"
"keizaal.esp|005900";"CELL";"Hall of Keizaal";"KeizaalStartingCell";"KeizaalStart.esp"
"keizaal.esp|00106E";"CELL";"Frostfruit Inn Cellar";"RoriksteadFrostfruitInnCellar";"Keizaal.esp"
"keizaal.esp|E116C2";"CELL";"Broken Tusk Bar";"aaKzlBrokenTuskBar";"Keizaal.esp"
"keizaal.esp|001E06";"CELL";"Bloodworks";"aaWindhelmPitBloodworksNew";"Keizaal.esp"
"keizaal.esp|001349";"CELL";"";"aaSillasTest";"Keizaal.esp"
"keizaal.esp|001279";"CELL";"Dragonsreach Dungeon";"KzlWhiterunDragonsreachBasement";"Keizaal.esp"
"keizaal.esp|009C6D";"CELL";"";"";"Keizaal.esp"
"keizaal.esp|009C72";"CELL";"";"";"Keizaal.esp"
"keizaal.esp|009C73";"CELL";"";"";"Keizaal.esp"
"keizaal.esp|009C7C";"CELL";"";"";"Keizaal.esp"
"keizaal.esp|009C7D";"CELL";"";"";"Keizaal.esp"
"keizaal.esp|009C86";"CELL";"";"";"Keizaal.esp"
"keizaal.esp|009C87";"CELL";"";"";"Keizaal.esp"
"keizaal.esp|009C90";"CELL";"";"";"Keizaal.esp"
"keizaal.esp|009C91";"CELL";"";"";"Keizaal.esp"
"keizaal.esp|009C5E";"CELL";"";"";"Keizaal.esp"
"keizaal.esp|009C5F";"CELL";"";"";"Keizaal.esp"
"keizaal.esp|009C61";"CELL";"";"";"Keizaal.esp"
"keizaal.esp|009C63";"CELL";"";"";"Keizaal.esp"
"keizaal.esp|009C64";"CELL";"";"";"Keizaal.esp"
"keizaal.esp|009C65";"CELL";"";"";"Keizaal.esp"
"keizaal.esp|009C66";"CELL";"";"";"Keizaal.esp"
"keizaal.esp|009C68";"CELL";"";"";"Keizaal.esp"
"keizaal.esp|009C69";"CELL";"";"";"Keizaal.esp"
"keizaal.esp|009C6A";"CELL";"";"";"Keizaal.esp"
"keizaal.esp|009C6B";"CELL";"";"";"Keizaal.esp"
"keizaal.esp|009C6E";"CELL";"";"";"Keizaal.esp"
"keizaal.esp|009C6F";"CELL";"";"";"Keizaal.esp"
"keizaal.esp|009C70";"CELL";"";"";"Keizaal.esp"
"keizaal.esp|009C71";"CELL";"";"";"Keizaal.esp"
"keizaal.esp|009C74";"CELL";"";"";"Keizaal.esp"
"keizaal.esp|009C75";"CELL";"";"";"Keizaal.esp"
"keizaal.esp|009C76";"CELL";"";"";"Keizaal.esp"
"keizaal.esp|009C77";"CELL";"";"";"Keizaal.esp"
"keizaal.esp|009C78";"CELL";"";"";"Keizaal.esp"
"keizaal.esp|009C79";"CELL";"";"";"Keizaal.esp"
"keizaal.esp|009C7A";"CELL";"";"";"Keizaal.esp"
"keizaal.esp|009C7B";"CELL";"";"";"Keizaal.esp"
"keizaal.esp|009C7E";"CELL";"";"";"Keizaal.esp"
"keizaal.esp|009C7F";"CELL";"";"";"Keizaal.esp"
"keizaal.esp|009C81";"CELL";"";"";"Keizaal.esp"
"keizaal.esp|009C82";"CELL";"";"";"Keizaal.esp"
"keizaal.esp|009C83";"CELL";"";"";"Keizaal.esp"
"keizaal.esp|009C84";"CELL";"";"";"Keizaal.esp"
"keizaal.esp|009C85";"CELL";"";"";"Keizaal.esp"
"keizaal.esp|009C88";"CELL";"";"";"Keizaal.esp"
"keizaal.esp|009C89";"CELL";"";"";"Keizaal.esp"
"keizaal.esp|009C8A";"CELL";"";"";"Keizaal.esp"
"keizaal.esp|009C8B";"CELL";"";"";"Keizaal.esp"
"keizaal.esp|009C8C";"CELL";"";"";"Keizaal.esp"
"keizaal.esp|009C8D";"CELL";"";"";"Keizaal.esp"
"keizaal.esp|009C8E";"CELL";"";"";"Keizaal.esp"
"keizaal.esp|009C8F";"CELL";"";"";"Keizaal.esp"
"keizaal.esp|DFD086";"CELL";"";"";"Keizaal.esp"
"keizaal.esp|E68727";"CELL";"";"";"Keizaal.esp"
"keizaal.esp|009C92";"CELL";"";"";"Keizaal.esp"
"keizaal.esp|009C93";"CELL";"";"";"Keizaal.esp"
"keizaal.esp|009C94";"CELL";"";"";"Keizaal.esp"
"keizaal.esp|009C95";"CELL";"";"";"Keizaal.esp"
"keizaal.esp|009C96";"CELL";"";"";"Keizaal.esp"
"keizaal.esp|009C97";"CELL";"";"";"Keizaal.esp"
"keizaal.esp|009C98";"CELL";"";"";"Keizaal.esp"
"keizaal.esp|009C62";"CELL";"";"";"Keizaal.esp"
"keizaal.esp|009C67";"CELL";"";"";"Keizaal.esp"
"keizaal.esp|009C6C";"CELL";"";"";"Keizaal.esp"
"keizaal.esp|016CD4";"LCTN";"Windhelm Bloodworks";"AAWindhelmArenaBloodworks";"Keizaal.esp"
"keizaalinteriors.esp|005980";"CELL";"Dawnguard Watch Tower";"KeizaalDawnguardWatchTower";"KeizaalInteriors.esp"
