"id";"type";"editor_id";"script";"statut";"proprietes";"cellule";"cellule_id";"plugin_origine";"plugin_final";"concerne_keizaal"
"dragonborn.esm|023A64";"QUST";"MS07";"MS07Script";"0";"0";"";"";"Dragonborn.esm";"Keizaal.esp";"oui"
"dragonborn.esm|023A64";"QUST";"MS07";"QF_MS07_00023A64";"0";"30";"";"";"Dragonborn.esm";"Keizaal.esp";"oui"
"dragonborn.esm|02418F";"ACHR";"";"dunForelhostGhostAmbushScript";"1";"1";"Forelhost01";"dragonborn.esm|01527F";"Dragonborn.esm";"Keizaal.esp";"oui"
"dragonborn.esm|025D95";"REFR";"";"TG02BeeHive";"1";"1";"GoldenglowEstateExterior01";"dragonborn.esm|00BCF7";"Dragonborn.esm";"Keizaal.esp";"oui"
"dragonborn.esm|025D97";"REFR";"";"TG02BeeHive";"1";"1";"GoldenglowEstateExterior01";"dragonborn.esm|00BCF7";"Dragonborn.esm";"Keizaal.esp";"oui"
"dragonborn.esm|02C927";"ACHR";"SeverioRef";"CWDisableDuringSiegeScript";"0";"1";"WhiterunSeverioPelagiasHouse";"dragonborn.esm|036ED5";"Dragonborn.esm";"Keizaal.esp";"oui"
"dragonborn.esm|04350C";"REFR";"";"WICommentTriggerScript";"0";"3";"YngolBarrow01";"dragonborn.esm|0151F5";"Dragonborn.esm";"Keizaal.esp";"oui"
"dragonborn.esm|0467D2";"REFR";"";"barredDoor";"0";"3";"Avanchnzel01";"dragonborn.esm|0152BE";"Dragonborn.esm";"Keizaal.esp";"oui"
"dragonborn.esm|04E4E1";"QUST";"DA09";"DA09Script";"0";"32";"";"";"Dragonborn.esm";"Keizaal.esp";"oui"
"dragonborn.esm|04E4E1";"QUST";"DA09";"QF_DA09_0004E4E1";"0";"21";"";"";"Dragonborn.esm";"Keizaal.esp";"oui"
"dragonborn.esm|05A63F";"REFR";"";"BlacksmithForge01";"1";"1";"DushnikhYalExterior02";"dragonborn.esm|007660";"Dragonborn.esm";"Keizaal.esp";"oui"
"dragonborn.esm|05B147";"REFR";"";"BlacksmithForge01";"1";"1";"MorKhazgurExterior03";"dragonborn.esm|006F48";"Dragonborn.esm";"Keizaal.esp";"oui"
"dragonborn.esm|05CACB";"REFR";"ResourceObjectMillHeartwoodMill";"ResourceObjectSawMillScript";"1";"1";"dragonborn.esm|000D74";"dragonborn.esm|000D74";"Dragonborn.esm";"Keizaal.esp";"oui"
"dragonborn.esm|060343";"REFR";"";"defaultBlockActivation";"0";"0";"WhiterunBanneredMare";"dragonborn.esm|01605E";"Dragonborn.esm";"Keizaal.esp";"oui"
"dragonborn.esm|067BA9";"REFR";"";"barredDoor";"0";"3";"Avanchnzel01";"dragonborn.esm|0152BE";"Dragonborn.esm";"Keizaal.esp";"oui"
"dragonborn.esm|073E66";"ACHR";"";"defaultAddItemKeyScript";"0";"1";"FellglowKeep02";"dragonborn.esm|03FF10";"Dragonborn.esm";"Keizaal.esp";"oui"
"dragonborn.esm|08998D";"QUST";"DA13";"QF_DA13_0008998D";"0";"17";"";"";"Dragonborn.esm";"Keizaal.esp";"oui"
"dragonborn.esm|08A945";"REFR";"CWIntClutterEnableSonsGreymoor02";"TrapTriggerBase";"3";"0";"FortGreymoor02";"dragonborn.esm|0352C7";"Dragonborn.esm";"Keizaal.esp";"oui"
"dragonborn.esm|08A9FF";"REFR";"";"TrapBear";"1";"1";"FortGreymoor01";"dragonborn.esm|01527C";"Dragonborn.esm";"Keizaal.esp";"oui"
"dragonborn.esm|08AB2D";"REFR";"";"TrapBear";"1";"1";"FortGreymoor02";"dragonborn.esm|0352C7";"Dragonborn.esm";"Keizaal.esp";"oui"
"dragonborn.esm|08AB39";"REFR";"";"defaultPrisonerDoorSCRIPT";"0";"1";"FortGreymoor02";"dragonborn.esm|0352C7";"Dragonborn.esm";"Keizaal.esp";"oui"
"dragonborn.esm|08E101";"REFR";"";"BlacksmithForge01";"1";"1";"dragonborn.esm|000D74";"dragonborn.esm|000D74";"Dragonborn.esm";"Keizaal.esp";"oui"
"dragonborn.esm|08E111";"REFR";"";"BlacksmithForge01";"1";"1";"SerpentsBluffRedoubtExterior02";"dragonborn.esm|0099FC";"Dragonborn.esm";"Keizaal.esp";"oui"
"dragonborn.esm|0954E1";"QUST";"CWSiege";"CWReinforcementControllerScript";"0";"8";"";"";"Dragonborn.esm";"Keizaal.esp";"oui"
"dragonborn.esm|0954E1";"QUST";"CWSiege";"cwsiegepollplayerlocation";"0";"5";"";"";"Dragonborn.esm";"Keizaal.esp";"oui"
"dragonborn.esm|0954E1";"QUST";"CWSiege";"CWSiegeScript";"0";"55";"";"";"Dragonborn.esm";"Keizaal.esp";"oui"
"dragonborn.esm|0954E1";"QUST";"CWSiege";"QF_CWSiege_000954E1";"0";"346";"";"";"Dragonborn.esm";"Keizaal.esp";"oui"
"dragonborn.esm|09B7B4";"ACHR";"SigaarREF";"CWDisableDuringSiegeScript";"0";"2";"dragonborn.esm|000D74";"dragonborn.esm|000D74";"Dragonborn.esm";"Keizaal.esp";"oui"
"dragonborn.esm|09EC17";"REFR";"";"TG02BeeHive";"1";"1";"GoldenglowEstateExterior01";"dragonborn.esm|00BCF7";"Dragonborn.esm";"Keizaal.esp";"oui"
"dragonborn.esm|0A31E5";"REFR";"";"TG02BeeHive";"1";"1";"GoldenglowEstateExterior01";"dragonborn.esm|00BCF7";"Dragonborn.esm";"Keizaal.esp";"oui"
"dragonborn.esm|0A31E6";"REFR";"";"TG02BeeHive";"1";"1";"dragonborn.esm|00BCD6";"dragonborn.esm|00BCD6";"Dragonborn.esm";"Keizaal.esp";"oui"
"dragonborn.esm|0A31E7";"REFR";"";"TG02BeeHive";"1";"1";"dragonborn.esm|00BCD6";"dragonborn.esm|00BCD6";"Dragonborn.esm";"Keizaal.esp";"oui"
"dragonborn.esm|0A6E3A";"REFR";"";"defaultDisableHavokOnLoad";"0";"3";"SolitudeBluePalace";"dragonborn.esm|016A04";"Dragonborn.esm";"Keizaal.esp";"oui"
"dragonborn.esm|0A7C98";"REFR";"";"TG02ReinforcementScript";"1";"4";"GoldenglowEstateExterior05";"dragonborn.esm|00BCD5";"Dragonborn.esm";"Keizaal.esp";"oui"
"dragonborn.esm|0AD5A6";"REFR";"";"HallofStoriesDiskScript";"1";"2";"Folgunthur01";"dragonborn.esm|015280";"Dragonborn.esm";"Keizaal.esp";"oui"
"dragonborn.esm|0AD5A7";"REFR";"";"HallofStoriesDiskScript";"1";"2";"Folgunthur01";"dragonborn.esm|015280";"Dragonborn.esm";"Keizaal.esp";"oui"
"dragonborn.esm|0AD5A8";"REFR";"";"HallofStoriesDiskScript";"1";"2";"Folgunthur01";"dragonborn.esm|015280";"Dragonborn.esm";"Keizaal.esp";"oui"
"dragonborn.esm|0AD5A9";"REFR";"";"HallofStoriesKeyholeScript";"1";"9";"Folgunthur01";"dragonborn.esm|015280";"Dragonborn.esm";"Keizaal.esp";"oui"
"dragonborn.esm|0B2FD9";"QUST";"SolitudeOpening";"QF_DialogueSolitudeOpeningSce_000B2FD9";"0";"40";"";"";"Dragonborn.esm";"Keizaal.esp";"oui"
"dragonborn.esm|0B2FD9";"QUST";"SolitudeOpening";"SolitudeOpeningScript";"0";"1";"";"";"Dragonborn.esm";"Keizaal.esp";"oui"
"dragonborn.esm|0B3A3F";"REFR";"MQ106DelphineBedroomTrigger";"defaultOnEnter";"1";"3";"RiverwoodSleepingGiantInn";"dragonborn.esm|0133C6";"Dragonborn.esm";"Keizaal.esp";"oui"
"dragonborn.esm|0B6386";"REFR";"";"HallofStoriesDiskScript";"1";"2";"YngolBarrow01";"dragonborn.esm|0151F5";"Dragonborn.esm";"Keizaal.esp";"oui"
"dragonborn.esm|0B6387";"REFR";"";"HallofStoriesDiskScript";"0";"2";"YngolBarrow01";"dragonborn.esm|0151F5";"Dragonborn.esm";"Keizaal.esp";"oui"
"dragonborn.esm|0B6388";"REFR";"";"HallofStoriesDiskScript";"1";"2";"YngolBarrow01";"dragonborn.esm|0151F5";"Dragonborn.esm";"Keizaal.esp";"oui"
"dragonborn.esm|0B638A";"REFR";"";"HallofStoriesKeyholeScript";"1";"8";"YngolBarrow01";"dragonborn.esm|0151F5";"Dragonborn.esm";"Keizaal.esp";"oui"
"dragonborn.esm|0CD923";"REFR";"WindhelmBullySceneTrigger";"defaultStartSceneTrigScript";"1";"2";"dragonborn.esm|03837F";"dragonborn.esm|03837F";"Dragonborn.esm";"Keizaal.esp";"oui"
"dragonborn.esm|0D1105";"REFR";"";"barredDoor";"0";"3";"Ragnvald01";"dragonborn.esm|01522A";"Dragonborn.esm";"Keizaal.esp";"oui"
"dragonborn.esm|0D110C";"REFR";"";"barredDoor";"0";"3";"Ragnvald01";"dragonborn.esm|01522A";"Dragonborn.esm";"Keizaal.esp";"oui"
"dragonborn.esm|0D50FE";"REFR";"MQ103SetStage15";"defaultSetStageOnEnter";"1";"5";"WhiterunDragonsreach";"dragonborn.esm|0165A3";"Dragonborn.esm";"Keizaal.esp";"oui"
"dragonborn.esm|0D624D";"REFR";"";"defaultDisableHavokOnLoad";"0";"0";"WindhelmSadrisUsedWares";"dragonborn.esm|016782";"Dragonborn.esm";"Keizaal.esp";"oui"
"dragonborn.esm|0D624E";"REFR";"";"defaultDisableHavokOnLoad";"0";"0";"WindhelmSadrisUsedWares";"dragonborn.esm|016782";"Dragonborn.esm";"Keizaal.esp";"oui"
"dragonborn.esm|0D624F";"REFR";"";"defaultDisableHavokOnLoad";"0";"0";"WindhelmSadrisUsedWares";"dragonborn.esm|016782";"Dragonborn.esm";"Keizaal.esp";"oui"
"dragonborn.esm|0D6250";"REFR";"";"defaultDisableHavokOnLoad";"0";"0";"WindhelmSadrisUsedWares";"dragonborn.esm|016782";"Dragonborn.esm";"Keizaal.esp";"oui"
"dragonborn.esm|0D6251";"REFR";"";"defaultDisableHavokOnLoad";"0";"0";"WindhelmSadrisUsedWares";"dragonborn.esm|016782";"Dragonborn.esm";"Keizaal.esp";"oui"
"dragonborn.esm|0D6252";"REFR";"";"defaultDisableHavokOnLoad";"0";"0";"WindhelmSadrisUsedWares";"dragonborn.esm|016782";"Dragonborn.esm";"Keizaal.esp";"oui"
"dragonborn.esm|0D6253";"REFR";"";"defaultDisableHavokOnLoad";"0";"0";"WindhelmSadrisUsedWares";"dragonborn.esm|016782";"Dragonborn.esm";"Keizaal.esp";"oui"
"dragonborn.esm|0DDF8D";"QUST";"dunPOITundraWitchShackQST";"QF_dunPOITundraWitchShackQST_000DDF8D";"0";"3";"";"";"Dragonborn.esm";"Keizaal.esp";"oui"
"dragonborn.esm|0DE043";"REFR";"";"defaultDisableHavokOnLoad";"0";"0";"AnisesCabinExterior01";"dragonborn.esm|009B4F";"Dragonborn.esm";"Keizaal.esp";"oui"
"dragonborn.esm|0E5FA9";"REFR";"";"defaultDisableHavokOnLoad";"0";"2";"FortGreymoorExterior03";"dragonborn.esm|0099E8";"Dragonborn.esm";"Keizaal.esp";"oui"
"dragonborn.esm|0EA732";"REFR";"";"defaultDisableHavokOnLoad";"0";"0";"SolitudeWinkingSkeever";"dragonborn.esm|016A0E";"Dragonborn.esm";"Keizaal.esp";"oui"
"dragonborn.esm|0EC67A";"REFR";"";"defaultAddMusicSCRIPT";"1";"1";"HaltedStreamCamp01";"dragonborn.esm|043FAB";"Dragonborn.esm";"Keizaal.esp";"oui"
"dragonborn.esm|100D9E";"REFR";"";"FXCameraAttachScript";"1";"2";"dragonborn.esm|037EE6";"dragonborn.esm|037EE6";"Dragonborn.esm";"Keizaal.esp";"oui"
"dragonborn.esm|100D9F";"REFR";"";"FXCameraAttachScript";"1";"2";"SolitudeOrigin";"dragonborn.esm|037EE9";"Dragonborn.esm";"Keizaal.esp";"oui"
"dragonborn.esm|1016B0";"PACK";"SolitudeOpeningPreparePrisonerPackage";"PF_SolitudeOpeningPreparePri_001016B0";"0";"0";"";"";"Dragonborn.esm";"Keizaal.esp";"oui"
"dragonborn.esm|106428";"REFR";"";"FXCameraAttachScript";"1";"1";"dragonborn.esm|00BCD6";"dragonborn.esm|00BCD6";"Dragonborn.esm";"Keizaal.esp";"oui"
"dragonborn.esm|1073FB";"REFR";"";"FXCameraAttachScript";"1";"2";"dragonborn.esm|00B539";"dragonborn.esm|00B539";"Dragonborn.esm";"Keizaal.esp";"oui"
"dragonborn.esm|1073FC";"REFR";"";"FXCameraAttachScript";"1";"2";"NarzulburExterior01";"dragonborn.esm|00B57B";"Dragonborn.esm";"Keizaal.esp";"oui"
"dragonborn.esm|107402";"REFR";"";"FXCameraAttachScript";"1";"2";"WindhelmBridge04";"dragonborn.esm|00B4DC";"Dragonborn.esm";"Keizaal.esp";"oui"
"index 16|019D7E";"REFR";"";"defaultDisableHavokOnLoad";"0";"1";"KeizaalDawnguardWatchTower";"index 16|005980";"";"KeizaalInteriors.esp";"oui"
"index 2|00284F";"QUST";"DLC1VQ04";"dlc1vq04questscript";"0";"13";"";"";"";"Keizaal.esp";"oui"
"index 2|00284F";"QUST";"DLC1VQ04";"DLC1_QF_VQ04Hunter_0100284F";"0";"58";"";"";"";"Keizaal.esp";"oui"
"index 2|003360";"NPC_";"DLC1Vingalmo";"DLC1VLCrimeScript";"0";"2";"";"";"";"KzlOnlineMods.esp";"oui"
"index 2|003361";"NPC_";"DLC1Orthjolf";"DLC1VLCrimeScript";"0";"2";"";"";"";"KzlOnlineMods.esp";"oui"
"index 2|003363";"NPC_";"DLC1FuraBloodmouth";"DLC1VLCrimeScript";"0";"2";"";"";"";"KzlOnlineMods.esp";"oui"
"index 2|003364";"NPC_";"DLC1GaranMarethi";"DLC1VLCrimeScript";"0";"2";"";"";"";"KzlOnlineMods.esp";"oui"
"index 2|003365";"NPC_";"DLC1Hestla";"DLC1VLCrimeScript";"0";"2";"";"";"";"KzlOnlineMods.esp";"oui"
"index 2|003366";"NPC_";"DLC1FeranSadri";"DLC1VLCrimeScript";"0";"2";"";"";"";"KzlOnlineMods.esp";"oui"
"index 2|003D85";"REFR";"DLC1DawnguardGateRef2";"default2StateActivator";"1";"1";"DLC1DawnguardHQ01";"index 2|001DBA";"";"Keizaal.esp";"oui"
"index 2|003D86";"REFR";"DLC1DawnguardGateRef1";"default2StateActivator";"1";"1";"DLC1DawnguardHQ01";"index 2|001DBA";"";"Keizaal.esp";"oui"
"index 2|003D87";"REFR";"DLC1DawnguardGateRef3";"default2StateActivator";"1";"1";"DLC1DawnguardHQ01";"index 2|001DBA";"";"Keizaal.esp";"oui"
"index 2|0050D0";"ARMO";"DLC1ArmorDawnguardHelmetHeavy";"DLC1DawnguardItemScript";"0";"1";"";"";"";"KzlOnlineMods.esp";"oui"
"index 2|007C4F";"QUST";"DLC1dunRedwaterDenQST";"DLC1_QF_DLC1dunRedwaterDenQST_01007C4F";"0";"42";"";"";"";"Keizaal.esp";"oui"
"index 2|00CA4A";"REFR";"";"defaultDisableHavokOnLoad";"0";"0";"DLC1VampireCastleDungeon01";"index 2|00285B";"";"Keizaal.esp";"oui"
"index 2|00D948";"REFR";"DLC1VQ01MiscObjectiveSetStage80";"defaultsetStageTrigSCRIPT";"1";"4";"DLC1HunterWorldFort01";"index 2|007BBF";"";"Keizaal.esp";"oui"
"index 2|00DA12";"REFR";"";"defaultDisableHavokOnLoad";"0";"3";"DLC1VampireCastleDungeon01";"index 2|00285B";"";"Keizaal.esp";"oui"
"index 2|00DBC0";"ACHR";"";"masterambushscript";"1";"1";"DLC1VampireCastleDungeon01";"index 2|00285B";"";"Keizaal.esp";"oui"
"index 2|00F3F7";"ARMO";"DLC1ArmorDawnguardCuirassHeavy1";"DLC1DawnguardItemScript";"0";"1";"";"";"";"KzlOnlineMods.esp";"oui"
"index 2|00F3FE";"ARMO";"DLC1ArmorDawnguardGauntletsLight";"DLC1DawnguardItemScript";"0";"1";"";"";"";"KzlOnlineMods.esp";"oui"
"index 2|00F400";"ARMO";"DLC1ArmorDawnguardBootsLight";"DLC1DawnguardItemScript";"0";"1";"";"";"";"KzlOnlineMods.esp";"oui"
"index 2|011BAF";"ARMO";"DLC1DawnguardRuneShield";"DLC1DawnguardItemScript";"0";"1";"";"";"";"KzlOnlineMods.esp";"oui"
"index 2|011BAF";"ARMO";"DLC1DawnguardRuneShield";"DLC1testPhilRuneShieldSCRIPT";"0";"1";"";"";"";"KzlOnlineMods.esp";"oui"
"index 2|011DED";"REFR";"";"DLC01VampireThrallActivatorScript";"1";"1";"evgsmppatchworksatchelarmor";"index 2|000803";"";"Keizaal.esp";"oui"
"index 2|011E5E";"NPC_";"DLC1Modhna";"DLC1VLCrimeScript";"0";"2";"";"";"";"KzlOnlineMods.esp";"oui"
"index 2|012C76";"REFR";"";"defaultDisableHavokOnLoad";"0";"0";"evgsmppatchworksatchelarmor";"index 2|000803";"";"Keizaal.esp";"oui"
"index 2|012C77";"REFR";"";"defaultDisableHavokOnLoad";"0";"0";"evgsmppatchworksatchelarmor";"index 2|000803";"";"Keizaal.esp";"oui"
"index 2|012C7A";"REFR";"";"defaultDisableHavokOnLoad";"0";"0";"evgsmppatchworksatchelarmor";"index 2|000803";"";"Keizaal.esp";"oui"
"index 2|01467F";"REFR";"";"DefaultAddToLinkonLoadSCRIPT";"0";"0";"DLC1DawnguardHQ01";"index 2|001DBA";"";"Keizaal.esp";"oui"
"index 2|014680";"REFR";"";"DefaultAddToLinkonLoadSCRIPT";"0";"0";"DLC1DawnguardHQ01";"index 2|001DBA";"";"Keizaal.esp";"oui"
"index 2|014681";"REFR";"";"DefaultAddToLinkonLoadSCRIPT";"0";"0";"DLC1DawnguardHQ01";"index 2|001DBA";"";"Keizaal.esp";"oui"
"index 2|014757";"ARMO";"DLC1ArmorDawnguardBootsHeavy";"DLC1DawnguardItemScript";"0";"1";"";"";"";"KzlOnlineMods.esp";"oui"
"index 2|014758";"ARMO";"DLC1ArmorDawnguardGauntletsHeavy";"DLC1DawnguardItemScript";"0";"1";"";"";"";"KzlOnlineMods.esp";"oui"
"index 2|0150B8";"ARMO";"DLC1ArmorDawnguardShield";"DLC1DawnguardItemScript";"0";"1";"";"";"";"KzlOnlineMods.esp";"oui"
"index 2|015ABF";"REFR";"";"DLC1defaultDetectPresenceTriggerScript";"0";"0";"dragonborn.esm|000D74";"dragonborn.esm|000D74";"";"Keizaal.esp";"oui"
"index 2|015ABF";"REFR";"";"defaultStartSceneTrigScript";"1";"2";"dragonborn.esm|000D74";"dragonborn.esm|000D74";"";"Keizaal.esp";"oui"
"index 2|01668C";"WEAP";"DLC1DawnguardRuneAxe";"DLC1DawnguardItemScript";"0";"1";"";"";"";"KzlOnlineMods.esp";"oui"
"index 2|0176DD";"ACHR";"";"masterambushscript";"1";"1";"DLC1VampireCastleDungeon02";"index 2|00285A";"";"Keizaal.esp";"oui"
"index 2|018312";"ACHR";"";"masterambushscript";"1";"1";"DLC1VampireCastleDungeon02";"index 2|00285A";"";"Keizaal.esp";"oui"
"index 2|018318";"ACHR";"";"masterambushscript";"1";"1";"DLC1VampireCastleDungeon02";"index 2|00285A";"";"Keizaal.esp";"oui"
"index 2|018AA5";"ACHR";"";"masterambushscript";"1";"1";"DLC1VampireCastleDungeon02";"index 2|00285A";"";"Keizaal.esp";"oui"
"index 2|01989E";"ARMO";"DLC1ArmorDawnguardHelmetLight";"DLC1DawnguardItemScript";"0";"1";"";"";"";"KzlOnlineMods.esp";"oui"
"index 5|000019";"QUST";"RP_DynamicFerrySystem";"rpdefault_ferrysystem";"0";"9";"";"";"";"Keizaal.esp";"oui"
"index 5|00001A";"QUST";"RP_DynamicCarriageSystem";"rpdefault_carriagesystem";"0";"10";"";"";"";"Keizaal.esp";"oui"
"index 5|000021";"QUST";"RP_DefaultSpellTomeInjector";"rpdefault_spelltomeinjector";"0";"56";"";"";"";"Keizaal.esp";"oui"
"index 5|0000BC";"ACTI";"RP_TrapCactusBall01";"rp_trapcactusscript";"0";"2";"";"";"";"Keizaal.esp";"oui"
"index 5|0000BD";"ACTI";"RP_TrapCactusGiantBarrel01";"rp_trapcactusscript";"0";"2";"";"";"";"Keizaal.esp";"oui"
"index 5|0000BE";"ACTI";"RP_TrapCactusSaguaro01";"rp_trapcactusscript";"0";"2";"";"";"";"Keizaal.esp";"oui"
"index 5|0000BF";"ACTI";"RP_TrapCactusGiantBarrel02";"rp_trapcactusscript";"0";"2";"";"";"";"Keizaal.esp";"oui"
"index 5|0000C7";"ACTI";"RP_TrapCactusSaguaro02";"rp_trapcactusscript";"0";"2";"";"";"";"Keizaal.esp";"oui"
"index 5|0000C8";"ACTI";"RP_TrapCactusSaguaro03";"rp_trapcactusscript";"0";"2";"";"";"";"Keizaal.esp";"oui"
"index 5|0000CD";"ACTI";"RP_DweButton01Fire";"defaultDweButtonScript";"0";"1";"";"";"";"Keizaal.esp";"oui"
"index 5|0000CD";"ACTI";"RP_DweButton01Fire";"TrapTriggerBase";"0";"1";"";"";"";"Keizaal.esp";"oui"
"index 5|0000CE";"ACTI";"RP_DweButton01Frost";"defaultDweButtonScript";"0";"1";"";"";"";"Keizaal.esp";"oui"
"index 5|0000CE";"ACTI";"RP_DweButton01Frost";"TrapTriggerBase";"0";"1";"";"";"";"Keizaal.esp";"oui"
"index 5|0000CF";"ACTI";"RP_DweButton01Shock";"defaultDweButtonScript";"0";"1";"";"";"";"Keizaal.esp";"oui"
"index 5|0000CF";"ACTI";"RP_DweButton01Shock";"TrapTriggerBase";"0";"1";"";"";"";"Keizaal.esp";"oui"
"index 5|00016A";"QUST";"RP_AloeIntegration";"rpdefault_addplantableflora";"0";"4";"";"";"";"Keizaal.esp";"oui"
"index 5|00016A";"QUST";"RP_AloeIntegration";"rpdefault_llinjectionadv_ingredient";"0";"4";"";"";"";"Keizaal.esp";"oui"
"index 5|00016C";"MISC";"RP_BYOHHouseIngredientAloeVera02";"BYOHHiddenObjectScript";"0";"3";"";"";"";"Keizaal.esp";"oui"
"index 5|00107C";"REFR";"";"defaultDisableHavokOnLoad";"0";"0";"WindhelmAretinoResidence";"dragonborn.esm|016784";"";"Keizaal.esp";"oui"
"index 5|0010A4";"REFR";"";"defaultDisableHavokOnLoad";"0";"0";"WindhelmAretinoResidence";"dragonborn.esm|016784";"";"Keizaal.esp";"oui"
"index 5|0011F6";"REFR";"";"defaultDisableHavokOnLoad";"0";"0";"WindhelmAretinoResidence";"dragonborn.esm|016784";"";"Keizaal.esp";"oui"
"index 5|0011FC";"REFR";"";"defaultDisableHavokOnLoad";"0";"0";"WindhelmAretinoResidence";"dragonborn.esm|016784";"";"Keizaal.esp";"oui"
"index 5|001208";"REFR";"";"defaultDisableHavokOnLoad";"0";"0";"WindhelmAretinoResidence";"dragonborn.esm|016784";"";"Keizaal.esp";"oui"
"index 5|001209";"REFR";"";"defaultDisableHavokOnLoad";"0";"0";"WindhelmAretinoResidence";"dragonborn.esm|016784";"";"Keizaal.esp";"oui"
"index 5|00120A";"REFR";"";"defaultDisableHavokOnLoad";"0";"0";"WindhelmAretinoResidence";"dragonborn.esm|016784";"";"Keizaal.esp";"oui"
"index 5|00120B";"REFR";"";"defaultDisableHavokOnLoad";"0";"0";"WindhelmAretinoResidence";"dragonborn.esm|016784";"";"Keizaal.esp";"oui"
"index 5|00120C";"REFR";"";"defaultDisableHavokOnLoad";"0";"0";"WindhelmAretinoResidence";"dragonborn.esm|016784";"";"Keizaal.esp";"oui"
"index 5|00120D";"REFR";"";"defaultDisableHavokOnLoad";"0";"0";"WindhelmAretinoResidence";"dragonborn.esm|016784";"";"Keizaal.esp";"oui"
"index 5|001254";"REFR";"";"defaultDisableHavokOnLoad";"0";"0";"RiftenBlackBriarMeadery";"dragonborn.esm|016BDC";"";"Keizaal.esp";"oui"
"index 5|001256";"REFR";"";"defaultDisableHavokOnLoad";"0";"0";"RiftenBlackBriarMeadery";"dragonborn.esm|016BDC";"";"Keizaal.esp";"oui"
"index 5|001257";"REFR";"";"defaultDisableHavokOnLoad";"0";"0";"RiftenBlackBriarMeadery";"dragonborn.esm|016BDC";"";"Keizaal.esp";"oui"
"index 5|001258";"REFR";"";"defaultDisableHavokOnLoad";"0";"0";"RiftenBlackBriarMeadery";"dragonborn.esm|016BDC";"";"Keizaal.esp";"oui"
"index 5|00125C";"REFR";"";"defaultDisableHavokOnLoad";"0";"0";"RiftenBlackBriarMeadery";"dragonborn.esm|016BDC";"";"Keizaal.esp";"oui"
"index 5|001264";"REFR";"";"defaultDisableHavokOnLoad";"0";"0";"RiftenBlackBriarMeadery";"dragonborn.esm|016BDC";"";"Keizaal.esp";"oui"
"index 5|001266";"REFR";"";"defaultDisableHavokOnLoad";"0";"0";"RiftenBlackBriarMeadery";"dragonborn.esm|016BDC";"";"Keizaal.esp";"oui"
"index 5|0012D7";"REFR";"";"StartSceneTriggerSpecificTime";"0";"5";"KzlWhiterunDragonsreachBasement";"index 5|001279";"";"Keizaal.esp";"oui"
"index 5|001316";"REFR";"";"defaultDisableHavokOnLoad";"0";"0";"KzlWhiterunDragonsreachBasement";"index 5|001279";"";"Keizaal.esp";"oui"
"index 5|001317";"REFR";"";"defaultDisableHavokOnLoad";"0";"0";"KzlWhiterunDragonsreachBasement";"index 5|001279";"";"Keizaal.esp";"oui"
"index 5|001318";"REFR";"";"defaultDisableHavokOnLoad";"0";"0";"KzlWhiterunDragonsreachBasement";"index 5|001279";"";"Keizaal.esp";"oui"
"index 5|001395";"REFR";"";"defaultDisableHavokOnLoad";"0";"0";"KzlHaltedStreamCampHouse";"index 5|001342";"";"Keizaal.esp";"oui"
"index 5|001396";"REFR";"";"defaultDisableHavokOnLoad";"0";"0";"KzlHaltedStreamCampHouse";"index 5|001342";"";"Keizaal.esp";"oui"
"index 5|001397";"REFR";"";"defaultDisableHavokOnLoad";"0";"0";"KzlHaltedStreamCampHouse";"index 5|001342";"";"Keizaal.esp";"oui"
"index 5|001398";"REFR";"";"defaultDisableHavokOnLoad";"0";"0";"KzlHaltedStreamCampHouse";"index 5|001342";"";"Keizaal.esp";"oui"
"index 5|001399";"REFR";"";"defaultDisableHavokOnLoad";"0";"0";"KzlHaltedStreamCampHouse";"index 5|001342";"";"Keizaal.esp";"oui"
"index 5|005B03";"REFR";"";"JailDoorScript";"0";"0";"KzlWhiterunDragonsreachBasement";"index 5|001279";"";"Keizaal.esp";"oui"
"index 5|0068F1";"REFR";"";"defaultDisableHavokOnLoad";"0";"0";"KzlVoshuAgraHouse2";"index 5|0067CB";"";"Keizaal.esp";"oui"
"index 5|006BD6";"REFR";"";"defaultDisableHavokOnLoad";"0";"0";"AbandonedShackInterior";"dragonborn.esm|050F1E";"";"Keizaal.esp";"oui"
"index 5|00AD93";"REFR";"";"defaultDisableHavokOnLoad";"0";"0";"KzlWhiterunDragonsreachBasement";"index 5|001279";"";"Keizaal.esp";"oui"
"index 5|00AD94";"REFR";"";"defaultDisableHavokOnLoad";"0";"0";"KzlWhiterunDragonsreachBasement";"index 5|001279";"";"Keizaal.esp";"oui"
"index 5|00AD95";"REFR";"";"defaultDisableHavokOnLoad";"0";"0";"KzlWhiterunDragonsreachBasement";"index 5|001279";"";"Keizaal.esp";"oui"
"index 5|00C08A";"REFR";"";"defaultDisableHavokOnLoad";"0";"0";"evgsmppatchworksatchelarmor";"index 2|000803";"";"Keizaal.esp";"oui"
"index 5|00C09C";"REFR";"";"defaultDisableHavokOnLoad";"0";"0";"evgsmppatchworksatchelarmor";"index 2|000803";"";"Keizaal.esp";"oui"
"index 5|00C121";"REFR";"";"defaultDisableHavokOnLoad";"0";"0";"evgsmppatchworksatchelarmor";"index 2|000803";"";"Keizaal.esp";"oui"
"index 5|00C122";"REFR";"";"defaultDisableHavokOnLoad";"0";"0";"evgsmppatchworksatchelarmor";"index 2|000803";"";"Keizaal.esp";"oui"
"index 5|00C123";"REFR";"";"defaultDisableHavokOnLoad";"0";"0";"evgsmppatchworksatchelarmor";"index 2|000803";"";"Keizaal.esp";"oui"
"index 5|00C124";"REFR";"";"defaultDisableHavokOnLoad";"0";"0";"evgsmppatchworksatchelarmor";"index 2|000803";"";"Keizaal.esp";"oui"
"index 5|00C125";"REFR";"";"defaultDisableHavokOnLoad";"0";"0";"evgsmppatchworksatchelarmor";"index 2|000803";"";"Keizaal.esp";"oui"
"index 5|00C126";"REFR";"";"defaultDisableHavokOnLoad";"0";"0";"evgsmppatchworksatchelarmor";"index 2|000803";"";"Keizaal.esp";"oui"
"index 5|00C127";"REFR";"";"defaultDisableHavokOnLoad";"0";"0";"evgsmppatchworksatchelarmor";"index 2|000803";"";"Keizaal.esp";"oui"
"index 5|00C128";"REFR";"";"defaultDisableHavokOnLoad";"0";"0";"evgsmppatchworksatchelarmor";"index 2|000803";"";"Keizaal.esp";"oui"
"index 5|00C129";"REFR";"";"defaultDisableHavokOnLoad";"0";"0";"evgsmppatchworksatchelarmor";"index 2|000803";"";"Keizaal.esp";"oui"
"index 5|00C136";"REFR";"";"defaultDisableHavokOnLoad";"0";"0";"evgsmppatchworksatchelarmor";"index 2|000803";"";"Keizaal.esp";"oui"
"index 5|00C13A";"REFR";"";"defaultDisableHavokOnLoad";"0";"0";"evgsmppatchworksatchelarmor";"index 2|000803";"";"Keizaal.esp";"oui"
"index 5|00C13B";"REFR";"";"defaultDisableHavokOnLoad";"0";"0";"evgsmppatchworksatchelarmor";"index 2|000803";"";"Keizaal.esp";"oui"
"index 5|00C13C";"REFR";"";"defaultDisableHavokOnLoad";"0";"0";"evgsmppatchworksatchelarmor";"index 2|000803";"";"Keizaal.esp";"oui"
"index 5|00C13D";"REFR";"";"defaultDisableHavokOnLoad";"0";"0";"evgsmppatchworksatchelarmor";"index 2|000803";"";"Keizaal.esp";"oui"
"index 5|00C13E";"REFR";"";"defaultDisableHavokOnLoad";"0";"0";"evgsmppatchworksatchelarmor";"index 2|000803";"";"Keizaal.esp";"oui"
"index 5|00C19A";"REFR";"";"defaultDisableHavokOnLoad";"0";"0";"evgsmppatchworksatchelarmor";"index 2|000803";"";"Keizaal.esp";"oui"
"index 5|00C1B3";"REFR";"";"defaultDisableHavokOnLoad";"0";"0";"evgsmppatchworksatchelarmor";"index 2|000803";"";"Keizaal.esp";"oui"
"index 5|00FC65";"REFR";"";"defaultDisableHavokOnLoad";"0";"0";"KzlHaltedStreamCampHouse";"index 5|001342";"";"Keizaal.esp";"oui"
"index 5|00FC66";"REFR";"";"defaultDisableHavokOnLoad";"0";"0";"KzlHaltedStreamCampHouse";"index 5|001342";"";"Keizaal.esp";"oui"
"index 5|00FC67";"REFR";"";"defaultDisableHavokOnLoad";"0";"0";"KzlHaltedStreamCampHouse";"index 5|001342";"";"Keizaal.esp";"oui"
"index 5|00FC68";"REFR";"";"defaultDisableHavokOnLoad";"0";"0";"KzlHaltedStreamCampHouse";"index 5|001342";"";"Keizaal.esp";"oui"
"index 5|00FC69";"REFR";"";"defaultDisableHavokOnLoad";"0";"0";"KzlHaltedStreamCampHouse";"index 5|001342";"";"Keizaal.esp";"oui"
"index 5|00FC6A";"REFR";"";"defaultDisableHavokOnLoad";"0";"0";"KzlHaltedStreamCampHouse";"index 5|001342";"";"Keizaal.esp";"oui"
"index 5|00FC71";"REFR";"";"defaultDisableHavokOnLoad";"0";"0";"KzlHaltedStreamCampHouse";"index 5|001342";"";"Keizaal.esp";"oui"
"index 5|00FC74";"REFR";"";"defaultDisableHavokOnLoad";"0";"0";"KzlHaltedStreamCampHouse";"index 5|001342";"";"Keizaal.esp";"oui"
"index 5|00FC75";"REFR";"";"defaultDisableHavokOnLoad";"0";"0";"KzlHaltedStreamCampHouse";"index 5|001342";"";"Keizaal.esp";"oui"
"index 5|00FC76";"REFR";"";"defaultDisableHavokOnLoad";"0";"0";"KzlHaltedStreamCampHouse";"index 5|001342";"";"Keizaal.esp";"oui"
"index 5|00FC78";"REFR";"";"defaultDisableHavokOnLoad";"0";"0";"KzlHaltedStreamCampHouse";"index 5|001342";"";"Keizaal.esp";"oui"
"index 5|00FC79";"REFR";"";"defaultDisableHavokOnLoad";"0";"0";"KzlHaltedStreamCampHouse";"index 5|001342";"";"Keizaal.esp";"oui"
"index 5|00FEA8";"REFR";"";"CWLockDuringSiegeScript";"0";"1";"KeizaalStartingCell";"index 5|005900";"";"Keizaal.esp";"oui"
"index 5|00FFD9";"REFR";"";"CWLockDuringSiegeScript";"0";"2";"KeizaalStartingCell";"index 5|005900";"";"Keizaal.esp";"oui"
"index 5|010084";"REFR";"";"CWLockDuringSiegeScript";"0";"2";"KeizaalStartingCell";"index 5|005900";"";"Keizaal.esp";"oui"
"index 5|010100";"REFR";"";"CWLockDuringSiegeScript";"0";"1";"KeizaalStartingCell";"index 5|005900";"";"Keizaal.esp";"oui"
"index 5|01010D";"REFR";"";"CWLockDuringSiegeScript";"0";"2";"KeizaalStartingCell";"index 5|005900";"";"Keizaal.esp";"oui"
"index 5|010166";"REFR";"";"defaultDisableHavokOnLoad";"0";"3";"KeizaalStartingCell";"index 5|005900";"";"Keizaal.esp";"oui"
"index 5|01018E";"REFR";"";"defaultDisableHavokOnLoad";"0";"3";"KeizaalStartingCell";"index 5|005900";"";"Keizaal.esp";"oui"
"index 5|020831";"FLOR";"KzlFloraHorkerMeat";"defaultDisableHavokOnLoad";"0";"0";"";"";"";"Keizaal.esp";"oui"
"index 5|020832";"FLOR";"KzlFloraHorkerMeat2";"defaultDisableHavokOnLoad";"0";"0";"";"";"";"Keizaal.esp";"oui"
"index 5|0208D9";"REFR";"";"defaultDisableHavokOnLoad";"0";"0";"SolitudeArch";"dragonborn.esm|037EE7";"";"Keizaal.esp";"oui"
"index 5|0208DC";"REFR";"";"defaultDisableHavokOnLoad";"0";"0";"SolitudeArch";"dragonborn.esm|037EE7";"";"Keizaal.esp";"oui"
"index 5|0208DD";"REFR";"";"defaultDisableHavokOnLoad";"0";"0";"SolitudeArch";"dragonborn.esm|037EE7";"";"Keizaal.esp";"oui"
"index 5|0208DE";"REFR";"";"defaultDisableHavokOnLoad";"0";"0";"SolitudeArch";"dragonborn.esm|037EE7";"";"Keizaal.esp";"oui"
"index 5|0208DF";"REFR";"";"defaultDisableHavokOnLoad";"0";"0";"SolitudeArch";"dragonborn.esm|037EE7";"";"Keizaal.esp";"oui"
"index 5|0208E1";"REFR";"";"defaultDisableHavokOnLoad";"0";"0";"SolitudeOrigin";"dragonborn.esm|037EE9";"";"Keizaal.esp";"oui"
"index 5|0208E2";"REFR";"";"defaultDisableHavokOnLoad";"0";"0";"SolitudeOrigin";"dragonborn.esm|037EE9";"";"Keizaal.esp";"oui"
"index 5|0208E3";"REFR";"";"defaultDisableHavokOnLoad";"0";"0";"SolitudeOrigin";"dragonborn.esm|037EE9";"";"Keizaal.esp";"oui"
"index 5|0208E4";"REFR";"";"defaultDisableHavokOnLoad";"0";"0";"SolitudeOrigin";"dragonborn.esm|037EE9";"";"Keizaal.esp";"oui"
"index 5|0208E5";"REFR";"";"defaultDisableHavokOnLoad";"0";"0";"SolitudeOrigin";"dragonborn.esm|037EE9";"";"Keizaal.esp";"oui"
"index 5|0293BB";"REFR";"";"defaultDisableHavokOnLoad";"0";"0";"RoriksteadFrostfruitInn";"dragonborn.esm|013870";"";"Keizaal.esp";"oui"
"index 5|029408";"REFR";"";"defaultDisableHavokOnLoad";"0";"0";"RoriksteadFrostfruitInn";"dragonborn.esm|013870";"";"Keizaal.esp";"oui"
"index 5|02940A";"REFR";"";"defaultDisableHavokOnLoad";"0";"0";"RoriksteadFrostfruitInn";"dragonborn.esm|013870";"";"Keizaal.esp";"oui"
"index 5|03DCF7";"ACTI";"KzlDefaultInvisibleActivator";"default2StateActivator";"0";"1";"";"";"";"Keizaal.esp";"oui"
"index 5|05200F";"REFR";"";"TG07BarDoorScript";"0";"1";"KeizaalStartingCell";"index 5|005900";"";"Keizaal.esp";"oui"
"index 5|05202F";"REFR";"";"TG07BarDoorScript";"0";"1";"KeizaalStartingCell";"index 5|005900";"";"Keizaal.esp";"oui"
"index 5|052174";"REFR";"";"defaultDisableHavokOnLoad";"0";"3";"KeizaalStartingCell";"index 5|005900";"";"Keizaal.esp";"oui"
"index 5|0521FD";"REFR";"";"defaultDisableHavokOnLoad";"0";"3";"KeizaalStartingCell";"index 5|005900";"";"Keizaal.esp";"oui"
"index 5|05C548";"REFR";"";"defaultunlockonload";"0";"2";"KeizaalStartingCell";"index 5|005900";"";"Keizaal.esp";"oui"
"index 5|0C1D55";"REFR";"";"CWLockDuringSiegeScript";"0";"1";"KeizaalStartingCell";"index 5|005900";"";"Keizaal.esp";"oui"
"index 5|0C1D56";"REFR";"";"CWLockDuringSiegeScript";"0";"1";"KeizaalStartingCell";"index 5|005900";"";"Keizaal.esp";"oui"
"index 5|0C1DD1";"REFR";"";"CWLockDuringSiegeScript";"0";"1";"KeizaalStartingCell";"index 5|005900";"";"Keizaal.esp";"oui"
"index 5|0CC25A";"REFR";"SolitudeWinkingSkeeverDoorRef001";"CWLockDuringSiegeScript";"0";"1";"KeizaalStartingCell";"index 5|005900";"";"Keizaal.esp";"oui"
"index 5|DCF0BC";"FLOR";"KzlFloraDroppedApple";"defaultDisableHavokOnLoad";"0";"0";"";"";"";"Keizaal.esp";"oui"
"index 5|DCF0BD";"FLOR";"KzlFloraDroppedApple02";"defaultDisableHavokOnLoad";"0";"0";"";"";"";"Keizaal.esp";"oui"
"index 5|DF7B34";"FURN";"KzlExecutionerChoppingBlock";"KzlChop";"0";"1";"";"";"";"Keizaal.esp";"oui"
"index 5|DFD186";"FLOR";"KzlFloraHorkerMeatPhys";"defaultDisableHavokOnLoad";"0";"0";"";"";"";"Keizaal.esp";"oui"
"index 5|DFD187";"FLOR";"KzlFloraHorkerMeatPhys2";"defaultDisableHavokOnLoad";"0";"0";"";"";"";"Keizaal.esp";"oui"
"index 5|DFD188";"FLOR";"KzlFloraCowMeatPhys";"defaultDisableHavokOnLoad";"0";"0";"";"";"";"Keizaal.esp";"oui"
"index 5|DFD18A";"FLOR";"KzlFloraCowMeatPhys2";"defaultDisableHavokOnLoad";"0";"0";"";"";"";"Keizaal.esp";"oui"
"index 5|DFD18E";"FLOR";"KzlFloraMilkJugPhys";"defaultDisableHavokOnLoad";"0";"0";"";"";"";"Keizaal.esp";"oui"
"index 5|DFD18F";"FLOR";"KzlFloraTomatoPhys";"defaultDisableHavokOnLoad";"0";"0";"";"";"";"Keizaal.esp";"oui"
"index 5|E118AA";"ACHR";"";"FFRiften01CragslaneScript";"0";"1";"aaKzlBrokenTuskBar";"index 5|E116C2";"";"Keizaal.esp";"oui"
"index 5|E11954";"REFR";"";"DefaultAddToLinkonLoadSCRIPT";"0";"0";"aaKzlBrokenTuskBar";"index 5|E116C2";"";"Keizaal.esp";"oui"
"index 5|E16B92";"REFR";"";"defaultDisableHavokOnLoad";"0";"0";"RiftenHaelgasBunkhouse";"dragonborn.esm|016BD4";"";"Keizaal.esp";"oui"
"index 5|E16B94";"REFR";"";"defaultDisableHavokOnLoad";"0";"0";"RiftenHaelgasBunkhouse";"dragonborn.esm|016BD4";"";"Keizaal.esp";"oui"
"index 5|E16B95";"REFR";"";"defaultDisableHavokOnLoad";"0";"0";"RiftenHaelgasBunkhouse";"dragonborn.esm|016BD4";"";"Keizaal.esp";"oui"
"index 5|E16B9A";"REFR";"";"defaultDisableHavokOnLoad";"0";"0";"RiftenHaelgasBunkhouse";"dragonborn.esm|016BD4";"";"Keizaal.esp";"oui"
"index 5|E20E4A";"REFR";"";"defaultDisableHavokOnLoad";"0";"0";"RiftenHaelgasBunkhouse";"dragonborn.esm|016BD4";"";"Keizaal.esp";"oui"
"index 5|E20E4B";"REFR";"";"defaultDisableHavokOnLoad";"0";"0";"RiftenHaelgasBunkhouse";"dragonborn.esm|016BD4";"";"Keizaal.esp";"oui"
"index 5|E20E4C";"REFR";"";"defaultDisableHavokOnLoad";"0";"0";"RiftenHaelgasBunkhouse";"dragonborn.esm|016BD4";"";"Keizaal.esp";"oui"
"index 5|E20E4D";"REFR";"";"defaultDisableHavokOnLoad";"0";"0";"RiftenHaelgasBunkhouse";"dragonborn.esm|016BD4";"";"Keizaal.esp";"oui"
"index 5|E20E4F";"REFR";"";"defaultDisableHavokOnLoad";"0";"0";"RiftenHaelgasBunkhouse";"dragonborn.esm|016BD4";"";"Keizaal.esp";"oui"
"index 5|E20E50";"REFR";"";"defaultDisableHavokOnLoad";"0";"0";"RiftenHaelgasBunkhouse";"dragonborn.esm|016BD4";"";"Keizaal.esp";"oui"
"index 5|E20E51";"REFR";"";"defaultDisableHavokOnLoad";"0";"0";"RiftenHaelgasBunkhouse";"dragonborn.esm|016BD4";"";"Keizaal.esp";"oui"
"index 5|E20E52";"REFR";"";"defaultDisableHavokOnLoad";"0";"0";"RiftenHaelgasBunkhouse";"dragonborn.esm|016BD4";"";"Keizaal.esp";"oui"
"index 5|E20E55";"REFR";"";"defaultDisableHavokOnLoad";"0";"0";"RiftenHaelgasBunkhouse";"dragonborn.esm|016BD4";"";"Keizaal.esp";"oui"
"index 5|E20F73";"REFR";"";"defaultDisableHavokOnLoad";"0";"0";"RiftenHaelgasBunkhouse";"dragonborn.esm|016BD4";"";"Keizaal.esp";"oui"
"index 5|E20F74";"REFR";"";"defaultDisableHavokOnLoad";"0";"0";"RiftenHaelgasBunkhouse";"dragonborn.esm|016BD4";"";"Keizaal.esp";"oui"
"index 5|E20F76";"REFR";"";"defaultDisableHavokOnLoad";"0";"0";"RiftenHaelgasBunkhouse";"dragonborn.esm|016BD4";"";"Keizaal.esp";"oui"
"index 5|E20F78";"REFR";"";"defaultDisableHavokOnLoad";"0";"0";"RiftenHaelgasBunkhouse";"dragonborn.esm|016BD4";"";"Keizaal.esp";"oui"
"index 5|E20FC7";"REFR";"";"defaultDisableHavokOnLoad";"0";"0";"RiftenHaelgasBunkhouse";"dragonborn.esm|016BD4";"";"Keizaal.esp";"oui"
"index 5|E20FC9";"REFR";"";"defaultDisableHavokOnLoad";"0";"0";"RiftenHaelgasBunkhouse";"dragonborn.esm|016BD4";"";"Keizaal.esp";"oui"
"index 5|E30433";"REFR";"";"defaultDisableHavokOnLoad";"0";"0";"AbandonedShackInterior";"dragonborn.esm|050F1E";"";"Keizaal.esp";"oui"
"index 5|E30443";"REFR";"";"defaultDisableHavokOnLoad";"0";"0";"AbandonedShackInterior";"dragonborn.esm|050F1E";"";"Keizaal.esp";"oui"
"index 5|E30444";"REFR";"";"defaultDisableHavokOnLoad";"0";"0";"AbandonedShackInterior";"dragonborn.esm|050F1E";"";"Keizaal.esp";"oui"
"index 5|E30445";"REFR";"";"defaultDisableHavokOnLoad";"0";"0";"AbandonedShackInterior";"dragonborn.esm|050F1E";"";"Keizaal.esp";"oui"
"index 5|E30450";"REFR";"";"defaultDisableHavokOnLoad";"0";"0";"AbandonedShackInterior";"dragonborn.esm|050F1E";"";"Keizaal.esp";"oui"
"index 5|E3045A";"REFR";"";"defaultDisableHavokOnLoad";"0";"0";"AbandonedShackInterior";"dragonborn.esm|050F1E";"";"Keizaal.esp";"oui"
"index 5|E30460";"REFR";"";"defaultDisableHavokOnLoad";"0";"0";"AbandonedShackInterior";"dragonborn.esm|050F1E";"";"Keizaal.esp";"oui"
"index 5|E30464";"REFR";"";"defaultDisableHavokOnLoad";"0";"0";"AbandonedShackInterior";"dragonborn.esm|050F1E";"";"Keizaal.esp";"oui"
"index 5|E30465";"REFR";"";"defaultDisableHavokOnLoad";"0";"0";"AbandonedShackInterior";"dragonborn.esm|050F1E";"";"Keizaal.esp";"oui"
"index 5|E355C0";"MGEF";"KzlRavageHealthPercent";"MagicImodOnPlayerHitScript";"0";"2";"";"";"";"Keizaal.esp";"oui"
"index 5|E3F83A";"FLOR";"KzlFloraMoonSugar";"defaultDisableHavokOnLoad";"0";"0";"";"";"";"Keizaal.esp";"oui"
"index 5|E63193";"ARMO";"KzlAntlerHelm";"DLC2defaultAddPerkOnEquipScript";"0";"1";"";"";"";"Keizaal.esp";"oui"
"index 5|E686F9";"REFR";"";"defaultDisableHavokOnLoad";"0";"0";"WindhelmAretinoResidence";"dragonborn.esm|016784";"";"Keizaal.esp";"oui"
"index 5|E68732";"REFR";"";"defaultDisableHavokOnLoad";"0";"0";"RiftenBlackBriarMeadery";"dragonborn.esm|016BDC";"";"Keizaal.esp";"oui"
"index 5|E68735";"REFR";"";"defaultDisableHavokOnLoad";"0";"0";"RiftenBlackBriarMeadery";"dragonborn.esm|016BDC";"";"Keizaal.esp";"oui"
"index 5|E729B1";"REFR";"";"defaultDisableHavokOnLoad";"0";"0";"SolitudeWinkingSkeever";"dragonborn.esm|016A0E";"";"Keizaal.esp";"oui"
"index 5|E729B2";"REFR";"";"defaultDisableHavokOnLoad";"0";"0";"SolitudeWinkingSkeever";"dragonborn.esm|016A0E";"";"Keizaal.esp";"oui"
"index 5|E729B3";"REFR";"";"defaultDisableHavokOnLoad";"0";"0";"SolitudeWinkingSkeever";"dragonborn.esm|016A0E";"";"Keizaal.esp";"oui"
"index 5|E729B4";"REFR";"";"defaultDisableHavokOnLoad";"0";"0";"SolitudeWinkingSkeever";"dragonborn.esm|016A0E";"";"Keizaal.esp";"oui"
"index 5|E729B5";"REFR";"";"defaultDisableHavokOnLoad";"0";"0";"SolitudeWinkingSkeever";"dragonborn.esm|016A0E";"";"Keizaal.esp";"oui"
"index 5|E729B6";"REFR";"";"defaultDisableHavokOnLoad";"0";"0";"SolitudeWinkingSkeever";"dragonborn.esm|016A0E";"";"Keizaal.esp";"oui"
"index 5|E729B7";"REFR";"";"defaultDisableHavokOnLoad";"0";"0";"SolitudeWinkingSkeever";"dragonborn.esm|016A0E";"";"Keizaal.esp";"oui"
"index 5|E729B8";"REFR";"";"defaultDisableHavokOnLoad";"0";"0";"SolitudeWinkingSkeever";"dragonborn.esm|016A0E";"";"Keizaal.esp";"oui"
"index 5|E729B9";"REFR";"";"defaultDisableHavokOnLoad";"0";"0";"SolitudeWinkingSkeever";"dragonborn.esm|016A0E";"";"Keizaal.esp";"oui"
"index 5|E729BA";"REFR";"";"defaultDisableHavokOnLoad";"0";"0";"SolitudeWinkingSkeever";"dragonborn.esm|016A0E";"";"Keizaal.esp";"oui"
"index 5|E77B0A";"REFR";"";"defaultDisableHavokOnLoad";"0";"0";"dragonborn.esm|0095E5";"dragonborn.esm|0095E5";"";"Keizaal.esp";"oui"
"index 7|0100FA";"REFR";"";"defaultDisableHavokOnLoad";"0";"3";"KeizaalStartingCell";"index 5|005900";"";"KeizaalStart.esp";"oui"
"index 7|010101";"REFR";"";"defaultDisableHavokOnLoad";"0";"3";"KeizaalStartingCell";"index 5|005900";"";"KeizaalStart.esp";"oui"
"index 7|010128";"REFR";"MarkarthSilverBloodInnDoorRef002";"CWLockDuringSiegeScript";"0";"1";"KeizaalStartingCell";"index 5|005900";"";"KeizaalStart.esp";"oui"
"index 7|010140";"REFR";"";"defaultDisableHavokOnLoad";"0";"3";"KeizaalStartingCell";"index 5|005900";"";"KeizaalStart.esp";"oui"
"index 7|010145";"REFR";"";"defaultDisableHavokOnLoad";"0";"3";"KeizaalStartingCell";"index 5|005900";"";"KeizaalStart.esp";"oui"
"index 7|010147";"REFR";"";"defaultDisableHavokOnLoad";"0";"3";"KeizaalStartingCell";"index 5|005900";"";"KeizaalStart.esp";"oui"
"index 7|010171";"REFR";"";"defaultDisableHavokOnLoad";"0";"3";"KeizaalStartingCell";"index 5|005900";"";"KeizaalStart.esp";"oui"
"index 7|01017B";"REFR";"";"defaultDisableHavokOnLoad";"0";"3";"KeizaalStartingCell";"index 5|005900";"";"KeizaalStart.esp";"oui"
"index 7|01F996";"REFR";"ResourceObjectSawMillFalkreath003";"ResourceObjectSawMillScript";"1";"1";"KeizaalStartingCell";"index 5|005900";"";"KeizaalStart.esp";"oui"
"index 7|01F9EE";"REFR";"FalkreathDeadMansDrinkDoorRef003";"CWLockDuringSiegeScript";"0";"1";"KeizaalStartingCell";"index 5|005900";"";"KeizaalStart.esp";"oui"
"jks whiterun.esp|0132AA";"NPC_";"SybilleStentor";"TrainerGoldScript";"0";"2";"";"";"JKs Whiterun.esp";"KzlOnlineMods.esp";"oui"
"jks whiterun.esp|0132AA";"NPC_";"SybilleStentor";"WIDeadBodyCleanupScript";"0";"2";"";"";"JKs Whiterun.esp";"KzlOnlineMods.esp";"oui"
"jks whiterun.esp|01367B";"NPC_";"Hern";"pHernScript";"0";"4";"";"";"JKs Whiterun.esp";"KzlOnlineMods.esp";"oui"
"kzlonlinemods.esp|0C43C3";"REFR";"";"defaultDisableHavokOnLoad";"0";"0";"DriftshadeSanctuaryExterior";"kzlonlinemods.esp|008F69";"KzlOnlineMods.esp";"KeizaalInteriors.esp";"oui"
"kzlonlinemods.esp|0C43C7";"REFR";"";"defaultDisableHavokOnLoad";"0";"0";"kzlonlinemods.esp|008F68";"kzlonlinemods.esp|008F68";"KzlOnlineMods.esp";"KeizaalInteriors.esp";"oui"
